Chr01_695173749_RFC_SNC,Chr01_1583902655_RFC_RD_SNC,Chr03_721440854_RFC_RD,Chr04_222292225_RFC,Chr06_274305900_AI,Chr03_78530134_HI
GA,CC,AA,AA,GG,GG
AA,TT,AA,AA,GA,GG
GG,TT,AA,AA,AA,GG
GG,TC,AA,GG,GA,GG
GG,TC,AA,GG,GG,GG
GA,TC,AA,GG,GA,GG
GA,TC,AA,GG,GA,GG
GG,TT,AA,GG,GG,GG
GG,TT,AA,GG,AA,GG
GG,TT,AA,GG,GG,GG
GG,TT,AA,GG,GG,GG
GG,TT,AA,GG,GA,GG
GG,TT,AA,GG,GA,GG
GA,TT,AA,GG,GG,GG
GA,TT,AA,GG,AA,GG
GG,TC,GG,GG,GG,GG
GG,TC,GG,GG,GG,GG
GG,TC,GG,GG,GG,GG
GG,TC,GG,GG,GA,GG
GG,TT,GG,GG,GG,GG
GG,TT,GG,GG,GG,GG
GG,TT,GG,GG,GA,GG
GG,TT,GG,GG,GG,GG
GG,TT,GG,GG,AA,GG
GG,TT,GG,GG,GG,GA
GG,TT,GG,GG,GG,GG
GG,TT,GG,GG,GG,GG
GG,TT,GG,GG,GG,GA
GG,TT,GG,GG,GG,GG
GG,TT,GG,GG,GG,GG
GG,TT,GG,GG,GA,GG
GG,TT,GG,GG,AA,GG
GG,TT,GG,GG,GG,GA
GG,TT,GG,GG,GG,GG
GG,TT,GG,GG,GG,GG
GG,TT,GG,GG,GG,GG
GG,TT,GG,GG,GG,GG
GG,TT,GG,GG,GG,GG
GG,TT,GG,GG,GG,GG
GG,TT,GG,GG,GG,GG
GG,TT,GG,GG,GG,GG
GG,TT,GG,GG,GG,GG
GG,TT,GG,GG,GG,GG
GG,TT,GG,GG,GG,GG
GG,TT,GG,GG,GG,GG
GG,TT,GG,GG,GG,GG
GG,TT,GG,GG,GA,GA
GG,TT,GG,GG,GG,GG
GG,TT,GG,GG,GA,GG
GG,TT,GG,GG,GG,GG
GG,TT,GG,GG,GG,GG
GG,TT,GG,GG,GG,GG
GG,TT,GG,GG,GG,GG
GG,TT,GG,GG,GG,GG
GG,TT,GG,GG,GG,GG
GG,TT,GG,GG,GG,GG
GG,TT,GG,GG,GG,GG
GG,TT,GG,GG,GG,GG
GG,TT,GG,GG,GG,GG
GG,TT,GG,GG,AA,GG
GG,TT,GG,GG,GG,GG
GG,TT,GG,GG,AA,GG
GG,TT,GG,GG,AA,GG
GG,TT,GG,GG,GG,GG
GG,TT,GG,GG,GG,GG
GG,TT,GG,GG,GA,GG
GG,TT,GG,GG,GG,GG
GG,TT,GG,GG,GG,GG
GG,TT,GG,GG,GG,GG
GG,TT,GG,GG,GG,GG
GG,TT,GG,GG,GA,GG
GG,TT,GG,GG,GG,GG
GG,TT,GG,GG,GG,GG
GG,TT,GG,GG,GG,GG
GG,TT,GG,GG,GA,GA
GG,TT,GG,GG,GG,GG
GG,TT,GG,GG,GA,GA
GG,TT,GG,GG,GG,GG
GG,TT,GG,GG,GG,GA
GG,TT,GG,GG,AA,GA
GG,TT,GG,GG,GG,GA
GG,TT,GG,GG,GG,GA
GG,TT,GG,GG,AA,GG
GG,TT,GG,GG,GG,GG
GG,TT,GG,GG,GA,GG
GG,TT,GG,GG,GG,GG
GG,TT,GG,GG,GG,GG
GG,TT,GG,GG,GG,GG
GG,TT,GG,GG,GG,GG
GG,TT,GG,GG,GG,GG
GG,TT,GG,GG,GA,GG
GG,TT,GG,GG,GG,GG
GG,TT,GG,GG,GG,GG
GG,TT,GG,GG,GG,GG
GG,TT,GG,GG,GA,GG
GG,TT,GG,GG,GG,GG
GG,TT,GG,GG,GG,GG
GG,TT,GG,GG,GA,GG
GG,TT,GG,GG,GG,GG
GG,TT,GG,GG,GG,GG
GG,TT,GG,GG,GG,GG
GG,TT,GG,GG,AA,GG
GG,TT,GG,GG,GG,GG
GG,TT,GG,GG,GG,GG
GG,TT,GG,GG,GG,GG
GG,TT,GG,GG,GG,GG
GG,TT,GG,GG,GA,GG
GG,TT,GG,GG,GG,GG
GG,TT,GG,GG,GG,GG
GG,TT,GG,GG,GG,GG
GG,TT,GG,GG,AA,GG
GG,TT,GG,GG,AA,GG
GG,TT,GG,GG,GG,GG
GG,TT,GG,GG,GG,GG
GG,TT,GG,GG,GG,GG
GG,TT,GG,GG,GA,GG
GG,TT,GG,GG,GG,GG
GG,TT,GG,GG,GA,GG
GG,TT,GG,GG,GG,GG
GG,TT,GG,GG,GG,GG
GG,TT,GG,GG,GA,GG
GG,TT,GG,GG,GG,GG
GG,TT,GG,GG,GA,GG
GG,TT,GG,GG,GG,GG
GG,TT,GG,GG,GG,GG
GG,TT,GG,GG,GG,GG
GG,TT,GG,GG,GG,GG
GG,TT,GG,GG,GG,GG
GG,TT,GG,GG,GG,GG
GG,TT,GG,GG,GG,GG
GG,TT,GG,GG,GG,GG
GG,TT,GG,GG,GG,GG
GG,TT,GG,GG,GG,GG
GG,TT,GG,GG,GG,GG
GG,TT,GG,GG,GG,GG
GG,TT,GG,GG,GG,GG
GG,TT,GG,GG,GA,GG
GG,TT,GG,GG,GG,GG
GG,TT,GG,GG,GG,GG
GG,TT,GG,GG,GG,GG
GG,TT,GG,GG,GG,GG
GG,TT,GG,GG,GG,GG
GG,TT,GG,GG,GG,GG
GG,TT,GG,GG,GG,GG
GG,TT,GG,GG,GG,GG
GG,TT,GG,GG,GG,GG
GG,TT,GG,GG,GG,GG
GG,TT,GG,GG,GG,GG
GG,TT,GG,GG,GG,GG
GG,TT,GG,GG,GG,GG
GG,TT,GG,GG,AA,GG
GG,TT,GG,GG,GG,GG
GG,TT,GG,GG,GG,GG
GG,TT,GG,GG,GG,GG
GG,TT,GG,GG,GG,GG
GG,TT,GG,GG,GG,GG
GG,TT,GG,GG,GG,GG
GG,TT,GG,GG,GG,GG
GG,TT,GG,GG,GG,GG
GG,TT,GG,GG,GG,GG
GG,TT,GG,GG,GG,GG
GG,TT,GG,GG,GG,GG
GG,TT,GG,GG,GG,GG
GG,TT,GG,GG,GG,GG
GG,TT,GG,GG,GG,GG
GG,TT,GG,GG,GG,GG
GG,TT,GG,GG,GG,GG
GG,TT,GG,GG,GG,GG
GG,TT,GG,GG,GG,GG
GG,TT,GG,GG,GG,GG
GG,TT,GG,GG,GG,GG
GG,TT,GG,GG,GG,GG
GG,TT,GG,GG,GG,GG
GG,TT,GG,GG,GG,GG
GG,TT,GG,GG,GG,GG
GG,TT,GG,GG,GG,GG
GG,TT,GG,GG,GG,GG
GG,TT,GG,GG,GG,GG
GG,TT,GG,GG,GG,GG
GG,TT,GG,GG,GG,GG
GG,TT,GG,GG,GG,GA
GG,TT,GG,GG,GG,GA
GG,TT,GG,GG,GG,GG
GG,TT,GG,GG,GG,GG
GG,TT,GG,GG,GG,GA
GG,TT,GG,GG,GG,GG
GG,TT,GG,GG,GG,GG
GG,TT,GG,GG,GG,GG
GG,TT,GG,GG,GG,GG
GG,TT,GG,GG,GG,GG
GG,TT,GG,GG,GG,GG
GG,TT,GG,GG,GG,GG
GG,TT,GG,GG,GG,GG
GG,TT,GG,GG,GG,GG
GG,TT,GG,GG,GG,GG
GA,TT,GG,GG,GG,GG
GA,TT,GG,GG,GG,GG
GG,TC,GA,GG,GG,GG
GG,TC,GA,GG,AA,GG
GG,TC,GA,GG,GG,GA
GG,TC,GA,GG,GG,GG
GA,TC,GA,GG,GA,GG
GA,TC,GA,GG,GG,GG
GA,TC,GA,GG,GG,GG
GA,TC,GA,GG,GG,GG
GG,TT,GA,GG,GA,GG
GG,TT,GA,GG,GG,GG
GG,TT,GA,GG,GG,GG
GG,TT,GA,GG,GG,GG
GG,TT,GA,GG,GG,GG
GG,TT,GA,GG,GA,GG
GG,TT,GA,GG,GG,GG
GG,TT,GA,GG,GG,GG
GG,TT,GA,GG,GG,GG
GG,TT,GA,GG,GG,GG
GG,TT,GA,GG,GG,GG
GG,TT,GA,GG,GA,GG
GG,TT,GA,GG,GG,GG
GG,TT,GA,GG,GG,GG
GG,TT,GA,GG,GG,GG
GG,TT,GA,GG,GG,GG
GG,TT,GA,GG,GG,GG
GG,TT,GA,GG,GG,GG
GG,TT,GA,GG,GA,GG
GG,TT,GA,GG,GG,GG
GA,TT,GA,GG,GG,GG
GA,TT,GA,GG,GG,GG
AA,TC,AA,GA,GG,GG
GG,TC,AA,GA,GG,GG
GG,TC,AA,GA,AA,GG
GG,TT,AA,GA,GG,GG
GA,TT,AA,GA,GA,GG
GG,TT,GG,GA,GG,GG
GG,TT,GG,GA,GG,GG
GA,CC,GA,GA,GA,GG
GG,TC,GA,GA,AA,GG
GG,TT,GA,GA,GG,GG